email_id,urgency_score,bait_score,url_count,has_ip_url,exclamation_count,email_length
11709,57,0,0,0,0,1665
10886,55,0,0,0,0,2486
13503,30,4,24,0,56,52536
1723,15,2,18,1,6,3571
13992,12,2,3,0,1,2057
3139,10,1,1,0,0,2315
4917,9,10,43,0,47,24491
6160,9,3,7,0,7,71757
13013,9,3,9,0,4,72743
15431,9,1,0,0,12,3344
9132,9,0,6,0,0,6933
12075,9,0,0,0,7,570
12541,9,0,0,0,4,667
1287,8,1,0,0,10,4475
3334,8,1,2,0,12,3384
13851,8,1,1,0,3,4540
7522,8,0,28,0,72,25738
7765,8,0,0,0,3,3092
9751,8,0,0,0,0,1332
13766,8,0,0,0,9,656
13590,7,4,0,0,33,11817
3755,7,1,1,0,3,4463
13187,7,0,2,0,12,1559
15542,7,0,0,0,16,4282
15951,6,6,45,0,58,29522
1093,6,4,3,0,1,2308
4342,6,2,2,0,14,3129
15721,6,2,4,0,14,3155
171,6,1,0,0,0,1742
6767,6,1,0,0,0,3231
9965,6,1,0,0,16,3624
1422,6,0,0,0,1,1676
2409,6,0,4,0,2,1413
4196,6,0,1,0,4,1510
13199,6,0,1,0,4,1609
16187,6,0,0,0,0,748
1058,5,6,0,0,53,6438
5114,5,6,0,0,53,6388
8437,5,6,0,0,53,6394
9309,5,5,4,0,52,15280
15580,5,4,1,0,2,1647
8778,5,2,1,0,1,1935
9784,5,2,0,0,6,3909
78,5,1,0,0,0,2866
497,5,1,4,1,12,7736
640,5,1,4,1,12,7459
6630,5,1,2,0,0,5752
9127,5,1,1,0,0,2812
9667,5,1,1,0,0,3603
14272,5,1,0,0,0,930
15036,5,1,1,0,12,7192
930,5,0,5,0,9,3187
4383,5,0,0,0,8,1026
5940,5,0,3,0,1,559
6015,5,0,5,0,9,3166
6713,5,0,0,0,16,5017
6886,5,0,1,0,7,2078
8147,5,0,0,0,0,871
9705,5,0,0,0,0,3685
9823,5,0,5,0,9,3095
10259,5,0,0,0,0,2105
11934,5,0,0,0,2,1699
12702,5,0,2,0,10,2225
13331,5,0,0,0,0,2876
13756,5,0,5,0,9,3190
14884,5,0,3,1,5,2217
15843,5,0,2,1,5,2087
16058,5,0,0,0,6,2737
4373,4,7,0,0,49,15444
11296,4,7,0,0,49,15440
2132,4,5,0,0,36,6749
3260,4,5,0,0,36,6584
7315,4,4,0,0,29,12052
15361,4,3,0,0,0,2956
2833,4,2,0,0,5,4060
5435,4,2,0,0,6,4024
8917,4,2,0,0,5,3937
10803,4,2,0,0,6,3891
10891,4,2,0,0,5,4153
6558,4,1,0,0,0,975
9989,4,1,0,0,38,5332
10883,4,1,4,0,13,8049
11401,4,1,1,0,5,1547
28,4,0,0,0,7,1027
1353,4,0,1,0,1,1793
1557,4,0,0,0,0,787
1770,4,0,2,0,7,1871
1774,4,0,0,0,5,1856
1777,4,0,5,0,9,2932
2021,4,0,2,1,18,2470
2039,4,0,0,0,5,1861
2124,4,0,1,0,3,8533
2129,4,0,0,0,2,484
2198,4,0,0,0,0,645
3447,4,0,0,0,5,1982
3452,4,0,19,0,1,3972
4713,4,0,0,0,5,1832
4816,4,0,0,0,0,1932
4907,4,0,0,0,2,332
4910,4,0,0,0,5,1980
5045,4,0,0,0,66,16527
5300,4,0,0,0,16,1814
5325,4,0,0,0,0,2939
5475,4,0,0,0,3,1169
5506,4,0,1,0,0,3288
5734,4,0,0,0,5,1981
6918,4,0,3,1,18,2626
7011,4,0,1,0,1,10390
7126,4,0,0,0,0,1145
7281,4,0,0,0,5,1839
8542,4,0,2,1,2,933
9893,4,0,1,0,3,8541
10007,4,0,0,0,9,921
10085,4,0,1,0,0,3182
10191,4,0,1,0,0,1540
10433,4,0,1,0,7,1065
10496,4,0,0,0,1,3198
11079,4,0,2,0,4,3292
11144,4,0,5,0,1,1259
11310,4,0,0,0,2,315
11651,4,0,2,0,3,8575
11768,4,0,0,0,0,824
11913,4,0,0,0,9,889
12190,4,0,2,1,18,2202
12488,4,0,0,0,1,982
13202,4,0,1,0,0,3094
14146,4,0,1,0,1,12054
14268,4,0,0,0,10,2356
14338,4,0,0,0,5,1833
14351,4,0,0,0,4,1016
14906,4,0,2,0,0,1337
15172,4,0,0,0,3,4876
15918,4,0,0,0,4,1218
16423,4,0,0,0,0,3057
3887,3,8,0,0,19,9074
6893,3,8,11,0,6,11465
1136,3,5,0,0,0,3307
10269,3,5,0,0,4,1051
14839,3,4,0,0,3,1063
7557,3,3,0,0,6,818
10454,3,3,3,0,6,4416
14862,3,3,0,0,3,843
2094,3,2,1,0,2,2776
3152,3,2,28,0,36,16648
5372,3,2,0,0,0,2907
6919,3,2,0,0,8,4699
7982,3,2,0,0,35,2100
13268,3,2,0,0,0,4347
56,3,1,1,0,0,3219
174,3,1,0,0,6,1485
753,3,1,1,0,0,2882
1684,3,1,0,0,6,1521
1740,3,1,1,0,2,5312
1928,3,1,1,0,0,3057
2027,3,1,0,0,8,828
2203,3,1,0,0,1,1091
2489,3,1,1,0,0,3240
2747,3,1,0,0,0,1031
3344,3,1,0,0,9,1048
4154,3,1,5,1,10,5177
5654,3,1,1,0,0,2774
8409,3,1,0,0,0,1443
9806,3,1,1,0,2,5211
10944,3,1,1,0,0,2864
11569,3,1,0,0,8,858
12113,3,1,0,0,0,3092
13253,3,1,0,0,0,1528
15745,3,1,1,0,3,2444
16510,3,1,1,0,2,5285
16594,3,1,4,0,12,7652
114,3,0,0,0,7,1669
154,3,0,0,0,0,2511
168,3,0,0,0,11,1530
186,3,0,2,0,2,2504
228,3,0,0,0,5,3941
231,3,0,0,0,6,1041
504,3,0,3,0,4,3492
597,3,0,1,0,6,1289
633,3,0,1,0,2,519
688,3,0,0,0,4,2934
725,3,0,0,0,7,1427
785,3,0,1,0,2,521
948,3,0,0,0,6,1291
1042,3,0,1,0,0,1820
1062,3,0,0,0,4,2508
1196,3,0,2,0,2,2012
1214,3,0,3,1,6,708
1329,3,0,2,1,10,1678
1360,3,0,0,0,3,892
1487,3,0,1,0,2,2787
1506,3,0,0,0,0,735
1541,3,0,0,0,5,6939
1630,3,0,0,0,3,4890
1634,3,0,3,0,3,1553
1691,3,0,0,0,7,1679
1698,3,0,0,0,1,215
1994,3,0,0,0,4,2870
2047,3,0,0,0,3,891
2055,3,0,0,0,11,1429
2087,3,0,3,0,6,728
2150,3,0,0,0,11,1528
2483,3,0,2,0,9,1566
2599,3,0,0,0,6,1094
2694,3,0,1,0,10,1563
2720,3,0,2,1,3,1640
2729,3,0,0,0,7,1664
2992,3,0,0,0,5,1356
3087,3,0,0,0,6,1292
3407,3,0,2,0,83,26397
3425,3,0,0,0,0,2617
3657,3,0,0,0,1,762
3675,3,0,0,0,11,1276
3733,3,0,0,0,5,4454
3894,3,0,0,0,11,1517
4199,3,0,1,0,6,1300
4551,3,0,0,0,0,3115
4598,3,0,1,0,3,1420
4900,3,0,1,0,6,1286
4933,3,0,0,0,7,1662
4958,3,0,1,0,0,3060
5048,3,0,0,0,5,1129
6003,3,0,0,0,5,3364
6206,3,0,0,0,4,7451
6231,3,0,0,0,9,1092
6462,3,0,0,0,5,594
6584,3,0,0,0,6,1291
6613,3,0,0,0,8,1056
6655,3,0,0,0,9,1541
6825,3,0,0,0,10,1722
6916,3,0,1,0,3,1398
7100,3,0,0,0,0,1535
7129,3,0,2,0,6,1038
7153,3,0,1,0,0,2011
7248,3,0,0,0,6,1150
7308,3,0,0,0,7,1669
7892,3,0,0,0,85,19885
7998,3,0,2,0,3,5205
8057,3,0,0,0,1,845
8133,3,0,0,0,55,17741
8208,3,0,0,0,31,7419
8218,3,0,0,0,9,1184
8226,3,0,1,0,0,4311
8246,3,0,0,0,9,1693
8372,3,0,0,0,0,1159
8447,3,0,1,0,0,2931
8650,3,0,0,0,11,1272
8846,3,0,0,0,3,899
8851,3,0,0,0,4,896
8886,3,0,0,0,11,1762
9004,3,0,1,1,2,1348
9110,3,0,3,1,6,735
9220,3,0,1,0,0,1943
9439,3,0,3,0,7,748
9510,3,0,0,0,12,1076
9910,3,0,0,0,3,897
9914,3,0,3,0,7,738
9943,3,0,0,0,3,1637
9980,3,0,0,0,9,1694
10200,3,0,0,0,0,858
10241,3,0,2,0,9,2346
10293,3,0,1,1,2,1258
10309,3,0,0,0,25,7543
10605,3,0,0,0,4,539
10668,3,0,0,0,4,570
10751,3,0,4,1,2,2024
10782,3,0,0,0,0,2509
10807,3,0,2,0,8,1438
10877,3,0,2,0,9,2139
10960,3,0,0,0,36,7727
11055,3,0,1,0,2,2360
11392,3,0,0,0,9,946
11518,3,0,2,0,3,5198
11526,3,0,2,0,1,859
12061,3,0,0,0,11,832
12256,3,0,0,0,4,1746
12473,3,0,1,0,0,4445
12618,3,0,0,0,7,1682
12705,3,0,0,0,7,1362
12811,3,0,0,0,0,736
12921,3,0,0,0,14,1389
13297,3,0,1,0,0,2217
13685,3,0,0,0,0,2803
13986,3,0,0,0,13,1491
14012,3,0,1,0,0,977
14142,3,0,0,0,20,6932
14159,3,0,0,0,25,2201
14494,3,0,10,0,0,13785
14771,3,0,4,0,4,2014
14905,3,0,1,0,0,948
14978,3,0,0,0,55,17420
15168,3,0,2,0,7,1206
15205,3,0,1,0,0,2959
15343,3,0,0,0,10,1722
15352,3,0,0,0,4,3136
15411,3,0,0,0,5,2190
15462,3,0,0,0,0,2443
15508,3,0,0,0,59,15617
15583,3,0,0,0,78,24281
15773,3,0,0,0,0,1553
15863,3,0,3,0,2,3806
15936,3,0,0,0,8,1157
16031,3,0,0,0,6,817
16044,3,0,0,0,2,1091
16301,3,0,0,0,6,1078
16376,3,0,1,1,10,1240
16394,3,0,3,0,6,737
16422,3,0,0,0,7,2291
16970,3,0,0,0,11,1795
17085,3,0,0,0,5,6954
17162,3,0,0,0,0,2463
17220,3,0,1,0,2,523
17228,3,0,1,0,6,1574
17260,3,0,0,0,0,633
12457,2,12,1,0,1,3466
16733,2,12,1,0,1,3396
317,2,11,0,0,3,4026
15560,2,9,1,0,88,15477
17025,2,7,0,0,29,14306
3502,2,5,2,0,1,2752
3072,2,4,0,0,8,2782
4211,2,4,3,0,3,3017
6126,2,4,1,0,0,2561
6608,2,4,0,0,27,6982
8819,2,4,0,0,27,6978
8950,2,4,1,0,0,2538
9214,2,4,1,0,5,2100
15604,2,4,2,0,5,2553
17340,2,4,4,0,92,12650
